SET CONSTRAINTS ALL DEFERRED;
DELETE FROM users;
DELETE FROM subjects;
DELETE FROM student_groups;
DELETE FROM timetables;
DELETE FROM teachers;
DELETE FROM teacher_subject;
DELETE FROM students;
DELETE FROM progress;

INSERT INTO subjects (id, name) VALUES
  (1, 'Политология'),
  (2, 'Социология'),
  (3, 'Филоссофия'),
  (4, 'Логика'),
  (5, 'Экономика'),
  (6, 'Экология'),
  (7, 'Физика'),
  (8, 'Математика'),
  (9, 'Химия'),
  (10, 'История'),
  (11, 'Информатика'),
  (12, 'Охрана труда'),
  (13, 'Инженерная графика');


INSERT INTO student_groups (id, name) VALUES
  (1, '553501'),
  (2, '551001'),
  (3, '550701'),
  (4, '550531'),
  (5, '550501'),
  (6, '453501'),
  (7, '451001'),
  (8, '450701'),
  (9, '450531'),
  (10, '450501'),
  (11, '353501'),
  (12, '351001'),
  (13, '350701');


INSERT INTO students (id, name, photo, email, skype, descr, phone, group_id) VALUES
  (1, 'Абрамович Максим  Викторович', 'photo.png', 'bendikov@cemi.rssi.ru', 'abram',
   'Учился я... А НАДО БЫЛО ДУМАТЬ...', '801775-36159', 1),
  (2, 'Алешко Валерий  Игореввич', 'photo.png', 'zacharovaa@mail.ru', 'aleshko',
   'Коротко о себе: Год выпуска 1988. Пробег 26. Цвет лёгкого загара. Фары зеленые. Документы на руках. Кузов не битый. Крыша на месте. Тормоза в норме. Все опции. Завожусь с полуоборота…',
   ' 8-1775-7-95-03', 1),
  (3, 'Брычиков Даниил  Дмитриевич', 'photo.png', 'brich@mail.ru', 'brich',
   'Мне всё по зубам… иногда, правда, и по шее достаётся…', '+375 29 658-41-82', 1),
  (4, 'Вистяж Алексей  Владимирович', 'photo.png', 'vist@tut.by', 'vist', 'Я никогда не вру, но я … я недоговариваю.',
   '+375-17-217–04–24', 1),
  (5, 'Глубокий Станислав  Сергеевич', 'photo.png', 'glub@tut.by', 'glub',
   'Я отвлекаюсь от повседневной суеты. Ломаю стереотипы, разрушаю рамки, перехожу черты, перегибаю палки... В целом, расширяю горизонты.',
   '+375 29 1014933', 1);


INSERT INTO progress (id, score, subject_id, student_id, date) VALUES
  (1, 2, 1, 1, '2016-02-29 20:15:00'),
  (2, 10, 1, 1, '2016-03-07 21:10:00'),
  (3, 10, 1, 1, '2016-03-07 21:10:00'),
  (4, 10, 1, 1, '2016-03-07 21:10:00'),
  (5, 10, 1, 1, '2016-02-29 21:10:00'),
  (6, 10, 1, 1, '2016-03-01 21:10:00'),
  (7, 1, 1, 1, '2016-03-02 21:10:00'),
  (8, 3, 1, 1, '2016-03-03 21:10:00'),
  (9, 4, 1, 1, '2016-03-04 21:10:00'),
  (10, 2, 1, 1, '2016-03-05 21:10:00'),
  (11, 4, 1, 1, '2016-03-06 21:10:00'),
  (12, 1, 1, 1, '2016-03-07 21:10:00'),
  (13, 2, 1, 1, '2016-03-08 21:10:00'),
  (14, 4, 1, 1, '2016-03-09 21:10:00'),
  (15, 1, 1, 1, '2016-03-10 21:10:00'),
  (16, 1, 1, 1, '2016-03-11 21:10:00'),
  (17, 1, 1, 1, '2016-03-12 21:10:00'),
  (18, 1, 1, 1, '2016-03-13 21:10:00');


INSERT INTO teachers (id, name, photo, email, phone, skype, descr) VALUES
  (1, 'БОБКОВ Владимир Андреевич', 'photo.png', 'bob@mail.ru', '+375(017) 367-05-29', 'bob',
   'зав. каф., профессор, доктор исторических наук, член-корреспондент НАН Беларуси, заслуженный деятель науки Республики Беларусь'),
  (2, 'БЕЛЯЕВ Алексей Викторович', 'photo.png', 'bel@tut.by', '+375(017) 368-87-69', 'bel', 'доцент; к.и.н.'),
  (3, 'ДУБОВИК Александр Константинович', 'photo.png', 'dub@gmail.com', '(+375 17) 292-31-72 ', 'dub',
   'доцент; к.и.н.'),
  (4, 'Лойко Александр Иванович', 'photo.png', 'loiko@rambler.ru', ' (+375 17) 293-96-23', 'loiko',
   'Заведующий кафедрой, д.ф.н., профессор');

INSERT INTO timetables (id, start_time, end_time, group_id, subject_id) VALUES
  (1, '2016-03-06 18:00:00', '2016-03-06 19:35:00', 1, 1),
  (2, '2016-03-06 19:55:00', '2016-03-06 21:30:00', 1, 2),
  (3, '2016-03-06 21:40:00', '2016-03-06 23:15:00', 1, 3),
  (4, '2016-03-06 23:25:00', '2016-03-07 01:00:00', 1, 4),
  (7, '2016-03-07 18:00:00', '2016-03-07 19:35:00', 1, 5),
  (10, '2016-03-08 05:42:38', '2016-03-07 21:30:00', 1, 3),
  (11, '2016-03-07 21:40:00', '2016-03-07 23:15:00', 1, 2),
  (12, '2016-03-07 23:25:00', '2016-03-08 01:00:00', 1, 6),
  (13, '2016-03-08 19:55:00', '2016-03-08 21:30:00', 1, 7),
  (14, '2016-03-08 21:40:00', '2016-03-08 23:15:00', 1, 8),
  (15, '2016-03-08 23:25:00', '2016-03-09 01:00:00', 1, 9),
  (16, '2016-03-09 18:00:00', '2016-03-09 19:35:00', 1, 7),
  (17, '2016-03-09 19:55:00', '2016-03-09 21:30:00', 1, 1),
  (18, '2016-03-09 21:40:00', '2016-03-09 23:15:00', 1, 11),
  (19, '2016-03-09 23:25:00', '2016-03-10 01:00:00', 1, 3),
  (20, '2016-03-10 21:40:00', '2016-03-10 23:15:00', 1, 5),
  (21, '2016-03-10 23:15:00', '2016-03-11 01:00:00', 1, 2),
  (22, '2016-03-11 18:00:00', '2016-03-11 19:35:00', 1, 12),
  (23, '2016-03-07 19:55:00', '2016-03-07 21:30:00', 1, 13);

INSERT INTO users (id, email, password, userRole) VALUES
  (7, 'admin@admin.ru', '$2a$10$2Uq9QjwEskZUFaOY1h0q5u3OubNCuLBowKMqH1L3iXRL9R5qSjUxC', 'ROLE_ADMIN'),
  (8, 'user@user.by', '$2a$10$60Zjv6nRNxcAkW/s1.OaVuu4mOClXDw8TTkDirL7acGa0841PvHiG', 'ROLE_USER');
